{
  "swagger" : "2.0",
  "info" : {
    "title" : "StoreWeatherData",
    "version" : "1.0.0",
    "description" : "StoreWeatherData"
  },
  "paths" : {
    "/store" : {
      "post" : {
        "operationId" : "postStore",
        "responses" : {
          "200" : {
            "description" : "The operation was successful."
          }
        },
        "consumes" : [ "application/json" ],
        "produces" : [ "application/json" ],
        "description" : "Insert a store",
        "parameters" : [ {
          "name" : "body",
          "in" : "body",
          "schema" : {
            "type" : "string"
          },
          "description" : "The request body for the operation",
          "required" : true
        } ]
      }
    },
    "/error" : {
      "post" : {
        "operationId" : "postError",
        "responses" : {
          "200" : {
            "description" : "The operation was successful."
          }
        },
        "consumes" : [ "application/json" ],
        "produces" : [ "application/json" ],
        "description" : "Insert a error",
        "parameters" : [ {
          "name" : "body",
          "in" : "body",
          "schema" : {
            "type" : "string"
          },
          "description" : "The request body for the operation",
          "required" : true
        } ]
      }
    }
  },
  "basePath" : "/weather/v1"
}